File,Samples,Accuracy,Precision,Recall,F1,Pred_Normal,Pred_Anomaly
InSDN_anomaly.csv,309677,0.598591435592569,0.9880157551494803,0.5554752872415734,0.7111389963632984,154807,154870
InSDN_anomaly_0.csv,35617,0.9084706741162928,0.0005385029617662897,0.0007117437722419929,0.0006131207847946045,33760,1857
InSDN_anomaly_1.csv,34376,0.9412380730742378,0.0,0.0,0.0,32520,1856
InSDN_anomaly_2.csv,156154,0.9867246436210407,0.9849815101026856,0.9982204654671893,0.9915567991593456,32573,123581
InSDN_anomaly_3.csv,87828,0.4091861365396001,0.6586980507539537,0.06680841539838854,0.1213126968537271,82390,5438
InSDN_anomaly_4.csv,132341,0.4538427244769195,0.9372166971111562,0.2823426306188792,0.4339538416959692,102779,29562
InSDN_anomaly_5.csv,34229,0.9452803178591253,0.0,0.0,0.0,32373,1856
InSDN_anomaly_6.csv,34404,0.9404720381351006,0.0,0.0,0.0,32548,1856
