File,Samples,Accuracy,Precision,Recall,F1,Pred_Normal,Pred_Anomaly
InSDN_anomaly_0_48.csv,68719,0.9756981329763239,0.0,0.0,0.0,67344,1375
InSDN_anomaly_1_48.csv,141953,0.485956619444464,0.6352201257861635,0.017856899998639993,0.034737287687179215,139886,2067
InSDN_anomaly_2_48.csv,69569,0.9672986531357357,0.09410919540229885,0.11441048034934498,0.10327158060701616,68177,1392
InSDN_anomaly_3_48.csv,130181,0.5442268841075119,0.9654377880184332,0.04070793594248425,0.07812184397383509,127577,2604
InSDN_anomaly_4_48.csv,68441,0.9797489808740375,0.0,0.0,0.0,67072,1369
