File,Samples,Precision,Recall,F1,Pred_Normal,Pred_Anomaly
InSDN_anomaly_0_48.csv,295,1.0,0.5491525423728814,0.7089715536105032,133,162
InSDN_anomaly_1_48.csv,73529,1.0,0.5474574657618083,0.7075573679723685,33275,40254
InSDN_anomaly_2_48.csv,1145,1.0,0.548471615720524,0.7084038353073886,517,628
InSDN_anomaly_3_48.csv,61757,1.0,0.549994332626261,0.7096727014406151,27791,33966
InSDN_anomaly_48.csv,136743,1.0,0.5438377101570099,0.7045270452704527,62377,74366
InSDN_anomaly_4_48.csv,17,1.0,0.5294117647058824,0.6923076923076923,8,9
