File,Samples,Accuracy,Precision,Recall,F1,Pred_Normal,Pred_Anomaly
InSDN_anomaly_0_48.csv,34507,0.9414321731822529,0.0,0.0,0.0,32781,1726
InSDN_anomaly_1_48.csv,107741,0.36172858985901374,0.9545541340462097,0.06798678072597207,0.12693294060889215,102504,5237
InSDN_anomaly_2_48.csv,35357,0.9357128715671579,0.18099547511312217,0.2794759825327511,0.21970477171301064,33589,1768
InSDN_anomaly_3_48.csv,95969,0.4054955245964843,0.9899979162325484,0.07693055038295254,0.1427669932087265,91170,4799
InSDN_anomaly_4_48.csv,34229,0.94948727687049,0.0,0.0,0.0,32517,1712
