,precision,recall,f1-score,support
Normal,0.20900863656036225,0.9457500292295101,0.3423571175384485,34212.0
Anomaly,0.9880157551494803,0.5554752872415734,0.7111389963632984,275465.0
accuracy,0.598591435592569,0.598591435592569,0.598591435592569,0.598591435592569
macro avg,0.5985121958549212,0.7506126582355417,0.5267480569508735,309677.0
weighted avg,0.9019538534222905,0.598591435592569,0.6703973021517303,309677.0
