,precision,recall,f1-score,support
Normal,0.20379036808390588,0.8973459604817023,0.332148633808836,34212.0
Anomaly,0.9779163941848181,0.564572631731799,0.7158622499119671,275465.0
accuracy,0.6013362309761461,0.6013362309761461,0.6013362309761461,0.6013362309761461
macro avg,0.590853381134362,0.7309592961067506,0.5240054418604015,309677.0
weighted avg,0.892393737981857,0.6013362309761461,0.6734709511260698,309677.0
