Percentile,Threshold,Accuracy,Precision,Recall,F1,AUC
50,3.3588559330544183e-06,0.6470516053823823,0.9132655852844473,0.6665166173561069,0.7706210231183789,0.7309710378354126
55,6.320858285937772e-06,0.6459601455710304,0.9200555254398719,0.6592743179714301,0.7681346383223503,0.7309710378354126
60,1.0923403146146258e-05,0.6469192093697627,0.9278767398493761,0.653894324142813,0.767156951474794,0.7309710378354126
65,1.4966928464288232e-05,0.6499901510283295,0.9357561278409239,0.6512297388052929,0.7679869512727646,0.7309710378354126
70,2.6047570712872638e-05,0.6123670792470864,0.9406141564420656,0.6022471094331403,0.734326759428732,0.7309710378354126
75,3.496082378249386e-05,0.6015977938303458,0.9487645541831659,0.5836349445483092,0.7226994637214048,0.7309710378354126
80,5.4678486217830504e-05,0.6032349835473736,0.9581361834994596,0.5792677835659703,0.7220189816857275,0.7309710378354126
